"""Intro to Computing: Python""","""Computation problem solving through writing Python programs. Particular elements include: careful development of Python programs from specifications; documentation and style; appropriate use of control structures, data types and subprograms; abstractions and verification; engineering applications.""
","""Introduction to Computing-FORTRAN""","""Problem solving through writing FORTRAN programs. Particular elements include: careful development of FORTRAN programs from specifications; documentation and style; appropriate use of control structures, data types and subprograms; abstractions and verification; engineering applications.""
","""Introduction to Computing - MATLAB""","""Problem solving through writing MATLAB programs. Particular elements include: careful development of MATLAB programs from specifications; documentation and style; appropriate use of control structures, data types and subprograms; abstractions and verification; engineering applications.""
","""Introduction to Computing - Java""","""An introductory course in computing in Java. Emphasis on algorithm development and problem solving. Careful and methodical development of Java applications and applets from specifications; documentation and style; appropriate use of control structures; classes and methods; data types and data abstraction; object-oriented programming and design; graphical user interface design.""
","""Introduction to Computers and Their Uses""","""Survey of basic principles of computer hardware, communications, operating systems, microcomputer issues, security, impact on society, system development, and use in organizations. Hands-on use of software, including operating system commands, wordprocessing, spreadsheets, and database managers. Demonstration and application of current end-user applications. May not be used by CSC major as a restricted elective.""
","""Programming Concepts - Java""","""The second course in computing, intended for majors. Emphasis is placed on software system design and testing; encapsulation; polymorphism; composition; inheritance; linear data structures; specification and implementation of finite-state machines; interpretation of inductive definitions (functions and data types); and resource management.""
","""Discrete Mathematics for Computer Scientists""","""Propositional logic and the predicate calculus. Logic gates and circuits. Methods of proof. Elementary set theory. Mathematical induction. Recursive definitions and algorithms. Solving recurrences. The analysis of algorithms and asymptotic growth of functions. Elementary combinatorics. Introduction to graph theory. Ordered sets, including posets and equivalence relations. Introduction to formal languages and automata.""
","""C and Software Tools""","""Details of C programming as compared with Java; Lexical structure, syntax, semantics, and pragmatics (idioms, common uses) of C; Stages of compliation, linking and execution; Strings, arrays, structures, pointers, and memory management; C libraries;Tools for design, maintenance, and debugging of programs; Separate compliation, modular programming; Integrated development environments.""
","""Computer Organization and Assembly Language for Computer Scientists""","""Computer architecture topics required by professional software developers, including binary and hexadecimal numbers, hardware component organization, machine instruction sets, assembler language programming, linking assembler language with high-level languages, program testing, computer hardware design issues, computer software design issues, and trends in current computer design.""
","""Concepts and Facilities of Operating Systems for Computer Scientists""","""Fundamental concepts of computer operating systems for computer scientists, including memory management, file systems, process management, distributed systems, deadlocks, and basic security and system accounting.""
","""Web Page Development""","""Syntax and semantics of HTML (HyperText Markup Language). Students will learn necessary skills to develop web pages on their EOS/Unity account. In addition to mechanics, design aspects and bandwidth conservancy are covered. Several pages will be created including a final project.""
","""String Processing Languages""","""Syntax and semantics of a string manipulation language, currently SNOBOL 4. Application of the language to programming problems in non-numeric areas. Discussion of other string processing languages such as PERL.""
","""Foundations of Interactive Game Design""","""Surveys history, technology, narrative, ethics, and design of interactive computer games. Work in teams to develop novel game designs and computer games. Introduction to the interplay of narrative, technology, rule systems, play and culture in the creation of interactive games. Programming experience not required. Enrollment restricted to students with at least sophomore status.""
","""Special Topics in Computer Science""","""Special topics in CSC at the early undergraduate level.""
","""Introduction to Numerical Methods""","""Numerical computations with digital computers; floating point arithmetic and implications of round-off error. Algorithms and computer techniques for the numerical solution of problems in: function evaluation; zeros of functions; interpolation; numerical differentiation and integration; linear systems of equations; curve fitting; solutions of non-linear equations; numerical solutions of ordinary differential equations.""
","""Data Structures for Computer Scientists""","""Abstract data types; abstract and implementation-level views of data types. Linear and branching data structures, including stacks, queues, trees, heaps, hash tables, graphs, and others at discretion of instructor. Best, worst, and average case asymptotic time and space complexity as a means of formal analysis of iterative and recursive algorithms.""
","""Software Engineering""","""Application of software engineering methods to develop complex products, including the following skills: quality assurance, project management, requirements analysis, specifications, design, development, testing, production, maintenance, security, privacy, configuration management, build systems, communication, and teaming.""
","""Automata, Grammars, and Computability""","""Study of three classical formal models of computation--finite state machines, context-free grammars, and Turing machines--and the corresponding families of formal languages. Power and limitations of each model. Parsing. Non-determinism. The Halting Problem and undecidability. The classes P and NP, and NP-completeness.""
","""Applied Web-based Client-Server Computing""","""This course explores client-server computing on the World Wide Web. The course focuses on the architecture of web-based client-server applications and accepted industry practices. Students work in teams to develop web applications with dynamic content delivery.""
","""Ethics in Computing""","""Discussion of the concern for the way in which computers pose new ethical questions or pose new versions of standard moral problems and dilemmas. Study of ethical concepts to guide the computer professional. Computer professional codes of ethics. Use of case studies to relate to ethical theory. Ethical and legal use of software. Conflicts of interest.""
","""Data and Computer Communications Networks""","""Basic concepts of data communication networking and computer communications architectures, including packet/circuit/virtual-circuit switching, layered communication architecture and OSI layers, general description of DLC, network and transport layers, some detailed protocol study of Ethernet, ATM and TCP/IP. Credit is not allowed for both <a href=""/search/?P=CSC%20401"" title=""CSC&nbsp;401"" class=""bubblelink code"" onclick=""return showCourse(this, 'CSC 401');"">CSC&nbsp;401</a> and <a href=""/search/?P=ECE%20407"" title=""ECE&nbsp;407"" class=""bubblelink code"" onclick=""return showCourse(this, 'ECE 407');"">ECE&nbsp;407</a>.""
","""Networking Projects""","""Through a series of hands-on networking labs, students will gain experience in practical topics such as network configuration, troubleshooting, and static and dynamic routing. The course prepares students sufficiently for an industry certification.""
","""Introduction to Computer Security""","""Basic concepts and techniques in information security and management such as risks and vulnerabilities, applied cryptography, program security, malicious software, authentication, access control, operating systems security, multilevel security, trusted operating systems, database security, inference control, physical security, and system assurance and evaluation. Coverage of high-level concepts such as confidentiality, integrity, and availability applied to hardware, software, and data.""
","""Architecture Of Parallel Computers""","""The need for parallel and massively parallel computers. Taxonomy of parallel computer architecture, and programming models for parallel architectures. Example parallel algorithms. Shared-memory vs. distributed-memory architectures. Correctness and performance issues. Cache coherence and memory consistency. Bus-based and scalable directory-based multiprocessors. Interconnection-network topologies and switch design. Brief overview of advanced topics such as multiprocessor prefetching and speculative parallel execution. Credit is not allowed for more than one course in this set: <a href=""/search/?P=ECE%20406"" title=""ECE&nbsp;406"" class=""bubblelink code"" onclick=""return showCourse(this, 'ECE 406');"">ECE&nbsp;406</a>, <a href=""/search/?P=ECE%20506"" title=""ECE&nbsp;506"" class=""bubblelink code"" onclick=""return showCourse(this, 'ECE 506');"">ECE&nbsp;506</a>, <a href=""/search/?P=CSC%20406"" title=""CSC&nbsp;406"" class=""bubblelink code"" onclick=""return showCourse(this, 'CSC 406');"">CSC&nbsp;406</a>.""
","""Introduction to Artificial Intelligence""","""Overview and definitions of Artificial Intelligence (AI). Search, including depth-first and breadth-first techniques with backtracking. Knowledge representation with emphasis on logical methods, Horn databases, resolution, quantification, unification, skolemization and control issues; non-monotonic reasoning; frames; semantic nets. AI systems, including planning, learning, natural language and expert systems. An AI programming language may be taught at the instructor's discretion.""
","""Introduction to Combinatorics""","""Basic principles of counting: addition and multiplication principles, generating functions, recursive methods, inclusion-exclusion, pigeonhole principle; basic concepts of graph theory: graphs, digraphs, connectedness, trees; additional topics from:Polya theory of counting, Ramsey theory; combinatorial optimization - matching and covering, minimum spanning trees, minimum distance, maximum flow; sieves; mobius inversion; partitions; Gaussian numbers and q-analogues; bijections and involutions; partially ordered sets.""
","""Theory of Programming Languages""","""Theory of programming languages with emphasis on programming language semantics and implementation issues. Formal models of syntax and semantics. Static versus dynamic scoping. Parameter passing mechanisms. Garbage collection. Programming in alternate paradigms such as applicative, functional, logic, and object-oriented programming languages.""
","""Automated Learning and Data Analysis""","""Introduction to the problems and techniques for automated discovery of knowledge in databases. Topics include representation, evaluation, and formalization of knowledge for discovery; classification, prediction, clustering, and association methods.Selected applications in commerce, security, and bioinformatics. Students cannot get credit for both <a href=""/search/?P=CSC%20422"" title=""CSC&nbsp;422"" class=""bubblelink code"" onclick=""return showCourse(this, 'CSC 422');"">CSC&nbsp;422</a> and <a href=""/search/?P=CSC%20522"" title=""CSC&nbsp;522"" class=""bubblelink code"" onclick=""return showCourse(this, 'CSC 522');"">CSC&nbsp;522</a>.""
","""Introduction to Numerical Analysis I""","""Theory and practice of computational procedures including approximation of functions by interpolating polynomials, numerical differentiation and integration, and solution of ordinary differential equations including both initial value and boundary value problems. Computer applications and techniques.""
","""Introduction to Numerical Analysis II""","""Computational procedures including direct and iterative solution of linear and nonlinear equations, matrices and eigenvalue calculations, function approximation by least squares, smoothing functions, and minimax approximations.""
","""File Organization and Processing""","""Hardware characteristics of storage devices. Basic file organizations including sequential, direct, and indexed sequential; hashing and collision resolution; perfect hashing; signatures; bloom filters; sorting and other bit level structures. Tree structures including binary search trees, B-trees, and trees. Dynamic hashing techniques. Structures including grid files. Applying file structures to practical problems.""
","""Database Management Systems""","""Introduction to database concepts. This course examines the logical organization of databases: the entity-relationship model; the relational data model and its languages. Functional dependencies and normal forms. Design, implementation, and optimization of query languages; security and integrity, concurrency control, transaction processing, and distributed database systems.""
","""Introduction to Data Science""","""Overview of data structures, data lifecycle, statistical inference. Data management, queries, data cleaning, data wrangling. Classification and prediction methods to include linear regression, logistic regression, k-nearest neighbors, classification and regression trees. Association analysis. Clustering methods. Emphasis on analyzing data, use and development of software tools, and comparing methods.""
","""Web Services""","""Concepts, theories, and techniques for Web services. This course examines architectures for Web applications based on the classical publish, find, and bind triangle. It considers the description, discovery, and engagement of Web services. It emphasizes Web service composition. Key topics include semantics, transactions, processes, agents, quality of service, and compliance.""
","""Software for Wireless Sensor Systems""","""Development of software for wireless computer systems. Software designs for applications and networking in this environment, including algorithms for ad hoc discovery, routing, and secure data transfer. Software interface to related sensors and subsystems including global positioning system. Algorithms for power management. Programming required.""
","""Human-Computer Interaction""","""A survey of concepts and techniques for user interface design and human computer interaction. Emphasizes user-centered design, interface development techniques, and usability evaluation.""
","""Social Computing""","""This course surveys the field of social computing, introducing its key concepts, paradigms, and techniques. Specific topics are selected from the following list: social media and social network analytics, sociological underpinnings, crowdsourcing and surveys, human computation, social mobilization, human decision making, voting theory, judgment aggregation, prediction markets, economic mechanisms, incentives, organizational modeling, argumentation, contracts, norms, mobility and social context, sociotechnical systems, and software engineering with and for social computing. This course incorporates ideas from diverse disciplines (including sociology, psychology, law, economics, political science, logic, statistics, philosophy, business) to provide essential background for future computer science careers in industry and research.""
","""Computer Architecture and Multiprocessors""","""Major components of digital computers and the organization of these components into systems. Begins with single processor systems and extends to parallel systems for multiprocessing. Topics include computer organization, instruction set design, cache memory, pipelined processors, and multiprocessors. Recent developments in PC and desktop architectures are also studied.""
","""Computer Graphics""","""Principles of computer graphics with emphasis on two-dimensional and aspects of three-dimensional raster graphics. Topics include: graphics hardware devices, lines and polygons, clipping lines and polygons to windows, graphical user interface, vectors, projections, transformations, polygon fill. Programming projects in C or C++.""
","""Advanced Computer Graphics Projects""","""Principles of computer graphics with emphasis on three-dimensional graphics. Topics include: 3-D projections and transformations, curves and surfaces, color and texture, animation, visualization, and global illumination techniques. Programming project required.""
","""Multimedia Technology""","""Methods of creating, recording, compressing, parsing, editing and playing back on a computer the following media: sound, music, voice, graphics, images, video, and motion. Introduction to basic principles: signal processing, information theory, real-time scheduling. Also includes discussion of standards, programming tools and languages, storage and I/O devices, networking support, legal issues, user interfaces, and applications. Includes significant hands-on experience.""
","""Network Security""","""Basic concepts and techniques in information security and management such as risks and vulnerabilities, applied cryptography, authentication, access control, multilevel security, multilateral security, network attacks and defense, intrusion detection, physical security, copyright protection, privacy mechanisms, security management, system assurance and evaluation, and information warfare. Coverage of high-level concepts such as confidentiality, integrity, and availability applied to hardware, software, and data. Credit not allowed for both <a href=""/search/?P=CSC%20474"" title=""CSC&nbsp;474"" class=""bubblelink code"" onclick=""return showCourse(this, 'CSC 474');"">CSC&nbsp;474</a> and <a href=""/search/?P=CSC%20574"" title=""CSC&nbsp;574"" class=""bubblelink code"" onclick=""return showCourse(this, 'CSC 574');"">CSC&nbsp;574</a>.""
","""Game Engine Foundations""","""An introduction to game engines, the technologies underlying computer and console game development. This course will cover engine components, architectures, and designs. Topics include asset management, resource management, event management, memory management, timelines, multithreading, network architectures, and game object models. A sequence of programming assignments will lead students through the implementation of their own game engine, which they will use to design their own game.""
","""Advanced Computer Game Projects""","""Principles of computer game development with emphasis on 3D first-person game engines. Topics include: advanced character behavior control, procedural content generation, large scale mulit-player game design and infrastructure, serious games for education, training and other applications, the game production pipeline and project built on top of a commercial game engine. Consideration of the game production pipeline, including project pitches, requirements and design detail. Programming project with written and oral reporting is required. Enrollment open to CSC majors only.""
","""Building Game AI""","""In this course we will examine Artificial Intelligence (AI) techniques that are used in the design of computer games. We will look at techniques for game playing as well as the design of AI opponents tasked with creating ""good experiences"" for players. The course will begin with a discussion of general AI, common algorithms, data structures, and representations. From there, we will cover topics in character movement, pathfinding, decision making, strategy, tactics, and learning. In a sequence of programming assignments students will create increasingly sophisticated AI implementations. Students will also critically review the projects conducted by graduate students enrolled in CSC584. CSC majors only. Students cannot get credit for both <a href=""/search/?P=CSC%20484"" title=""CSC&nbsp;484"" class=""bubblelink code"" onclick=""return showCourse(this, 'CSC 484');"">CSC&nbsp;484</a> and <a href=""/search/?P=CSC%20584"" title=""CSC&nbsp;584"" class=""bubblelink code"" onclick=""return showCourse(this, 'CSC 584');"">CSC&nbsp;584</a>.""
","""Senior Design Project""","""Application of software engineering principles and basic computer science to the total development of a software system. Consideration of the software system design process, including requirements and design detail. Development and evaluation of a prototype accomplished through design team activity. Comprehensive written and oral project report is required. Open to CSC majors.Restricted to students with 6 hours of Computer Science Restricted Elective.""
","""Special Topics in Computer Science""","""Used for the following types of study: readings in the literature of computer science, introductory research projects, major computer programming projects, seminars, or new course development. Work may be done in any CSC area such as software, hardware utilization, programming languages, numerical methods or telecommunications. Departmental Approval Required.""
","""Independent Research in Computer Science""","""Independent investigation of a research problem under faculty supervision. Departmental Approval Required. Individualized/Independent Study and Research courses require a Course Agreement for Students Enrolled in Non-Standard Courses be completed by the student and faculty member prior to registration by the department.""
","""Operating Systems Principles""","""Fundamental issues related to the design of operating systems. Process scheduling and coordination, deadlock, memory management and elements of distributed systems.""
","""Computational Applied Logic""","""Introduction to the conceptual and formal apparatus of mathematical logic, to mathematical concepts underlying the process of logical formalization, and to the applications of various logics across a broad spectrum of problems in computer science and artificial intelligence.""
","""Design and Analysis Of Algorithms""","""Algorithm design techniques: use of data structures, divide and conquer, dynamic programming, greedy techniques, local and global search. Complexity and analysis of algorithms: asymptotic analysis, worst case and average case, recurrences, lower bounds, NP-completeness. Algorithms for classical problems including sorting, searching and graph problems (connectivity, shortest paths, minimum spanning trees).""
","""Architecture Of Parallel Computers""","""The need for parallel and massively parallel computers. Taxonomy of parallel computer architecture, and programming models for parallel architectures. Example parallel algorithms. Shared-memory vs. distributed-memory architectures. Correctness and performance issues. Cache coherence and memory consistency. Bus-based and scalable directory-based multiprocessors. Interconnection-network topologies and switch design. Brief overview of advanced topics such as multiprocessor prefetching and speculative parallel execution. Credit is not allowed for more than one course in this set: <a href=""/search/?P=ECE%20406"" title=""ECE&nbsp;406"" class=""bubblelink code"" onclick=""return showCourse(this, 'ECE 406');"">ECE&nbsp;406</a>, <a href=""/search/?P=ECE%20506"" title=""ECE&nbsp;506"" class=""bubblelink code"" onclick=""return showCourse(this, 'ECE 506');"">ECE&nbsp;506</a>, <a href=""/search/?P=CSC%20406"" title=""CSC&nbsp;406"" class=""bubblelink code"" onclick=""return showCourse(this, 'CSC 406');"">CSC&nbsp;406</a>.""
","""Software Engineering""","""An introduction to software life cycle models; size estimation; cost and schedule estimation; project management; risk management; formal technical reviews; analysis, design, coding and testing methods; configuration management and change control; and software reliability estimation. Emphasis on large development projects. An individual project required following good software engineering practices throughout the semester.""
","""Compiler Construction""","""Theory and practice of compiler writing. Lexical analysis, table driven LL(1), LR(1) and LALR(1) parsers, code generation, flow analysis, run-time storage organization and optimization. Writing a compiler using software tools a significant part of course.""
","""Electronic Commerce Technology""","""Exploration of technological issues and challenges underlying electronic commerce. Distributed systems; network infrastructures; security, trust, and payment solutions; transaction and database systems; and presentation issues. Project required. No Audits.""
","""Software Security""","""Introduces students to the discipline of designing, developing, and testing secure and dependable software-based systems. Students will learn about risks and vulnerabilities, and effective software security techniques. Topics include common vulnerabilities, access control, information leakage, logging, usability, risk analysis, testing, design principles, security policies, and privacy. Project required.""
","""Object-Oriented Design and Development""","""The design of object-oriented systems, using principles such as the GRASP principles, and methodologies such as CRC cards and the Unified Modeling Language (ULM). Requirements analysis. Design patterns Agile Methods. Static vs. dynamic typing. Metaprogramming. Open-source development practices and tools. Test-first development. Project required, involving contributions to an open-source software project.""
","""DevOps: Modern Software Engineering Practices""","""Modern software development organizations require entire teams of DevOps to automate and maintain software engineering processes and infrastructure vital to the organization. In this course, you will gain practical exposure to the skills, tools, and knowledge needed in automating software engineering processes and infrastructure. Students will have the chance to build new or extend existing software engineering tools and design a DevOps pipeline.""
","""Artificial Intelligence I""","""Introduction to and overview of artificial intelligence. Study of AI programming language such as LISP or PROLOG. Elements of AI problem-solving technique. State spaces and search techniques. Logic, theorem proving and associative databases. Introduction to knowledge representation, expert systems and selected topics including natural language processing, vision and robotics.""
","""Automated Learning and Data Analysis""","""Introduction to the problems and techniques for automated discovery of knowledge in databases. Topics include representation, evaluation, and formalization of knowledge for discovery; classification, prediction, clustering, and association methods.Selected applications in commerce, security, and bioinformatics. Students cannot get credit for both <a href=""/search/?P=CSC%20422"" title=""CSC&nbsp;422"" class=""bubblelink code"" onclick=""return showCourse(this, 'CSC 422');"">CSC&nbsp;422</a> and <a href=""/search/?P=CSC%20522"" title=""CSC&nbsp;522"" class=""bubblelink code"" onclick=""return showCourse(this, 'CSC 522');"">CSC&nbsp;522</a>.""
","""Computational Methods for Molecular Biology""","""Computer algorithms supporting genomic research: DNA sequence comparison and assembly, hybridization mapping, phylogenetic reconstruction, genome rearrangement, protein folding and threading.""
","""Database Management concepts and Systems""","""Advanced database concepts. Logical organization of databases: the entity-relationship model; the relational data model and its languages. Functional dependencies and normal forms. Design, implementation, and optimization of query languages; security and integrity, consurrency control, transaction processing, and distributed database systems.""
","""Advanced Data Structures""","""Complex and specialized data structures relevant to design and development of effective and efficient software. Hardware characteristics of storage media. Primary file organizations. Hashing functions and collision resolution techniques. Low level and bit level structures including signatures, superimposed coding, disjoint coding and Bloom filters. Tree and related structures including AVL trees, B*trees, tries and dynamic hashing techniques.""
","""Management Decision and Control Systems""","""Planning, design, and development and implementation of comprehensive computer-based information systems to support management decisions. Formal information systems principles; information requirements analysis; knowledge acquisition techniques; information modeling. Information resource management for quality operational control and decision support; system evaluation, process improvement and cost effectiveness.""
","""Cloud Computing Technology""","""Study of cloud computing principles, architectures, and actual implementations. Students will learn how to critically evaluate cloud solutions, how to construct and secure a private cloud computing environment based on open source solutions, and how to federate it with external clouds. Performance, security, cost, usability, and utility of cloud computing solutions will be studied both theoretically and in hands-on exercises. Hardware-, infrastructure-, platform-, software-, security-, and high-performance computing - ""as-a-service"".""
","""Parallel Systems""","""Basic concepts of parallel computation; parallel programming models and algorithm design; load balancing and performance optimization; parallel I/0 and high-end storage systems; high performance parallel applications.""
","""Human-Computer Interaction""","""Basic theory and concepts of human-computer interaction. Human and computational aspects. Cognitive engineering. Practical HCI skills. Significant historical case studies. Current technology and future directions in user interface development.""
","""Social Computing""","""This course surveys the field of social computing, introducing its key concepts, paradigms, and techniques. Specific topics are selected from the following list: social media and social network analytics, sociological underpinnings, crowdsourcing and surveys, human computation, social mobilization, human decision making, voting theory, judgment aggregation, prediction markets, economic mechanisms, incentives, organizational modeling, argumentation, contracts, norms, mobility and social context, sociotechnical systems, and software engineering with and for social computing. This course incorporates ideas from diverse disciplines (including sociology, psychology, law, economics, political science, logic, statistics, philosophy, business) to provide essential background for future computer science careers in industry and research.""
","""Principles of Computer Graphics""","""Fundamentals of the OpenGL API. 2D and 3D transformations, perspective and orthographic projection, and the mathematical foundations that underlie these concepts. Geometric primitives, clipping, depth buffering, scan conversion, and rasterization. Lighting, shadows, and texture mapping. Curves and surfaces.""
","""Introduction to Game Engine Design""","""This course offers an advanced discussion of topics in computer graphics, with an emphasis on rendering techniques and GPU shader programming used in computer game engine design. Students are required to implement a medium-size game program that includes modeling and rendering, 2D physics, and animation of dynamic objects. Students will learn about GPU basics, mathematics of transformations, visual appearance properties, texturing, global illumination, and toon shading in computer games.""
","""Visual Interfaces for Mobile Devices""","""The conception and creation of effective visual interfaces for mobile devices, including ideation and prototyping for useful mobile applications, the industry and architecture of mobile devices, mobile usage context, computer graphics and interfaces for mobiles, and mobile programming.""
","""Graph Theory""","""Basic concepts of graph theory. Trees and forests. Vector spaces associated with a graph. Representation of graphs by binary matrices and list structures. Traversability. Connectivity. Matchings and assignment problems. Planar graphs. Colorability. Directed graphs. Applications of graph theory with emphasis on organizing problems in a form suitable for computer solution.""
","""Enterprise Storage Architecture""","""An introduction to storage systems architecture in an enterprise. Begins with a review of the individual components of a system (eg, hard disk drives, network interfaces), and shows how to aggregate those into storage systems. Tradeoffs involving factors such as cost, complexity, availability, power and performance. Discussion of information management strategies, including data migration. Guest lectures by representatives from local industry. Students work in teams on a semester-long project.""
","""Computer Networks""","""General introduction to computer networks. Discussion of protocol principles, local area and wide area networking, OSI stack, TCP/IP and quality of service principles. Detailed discussion of topics in medium access control, error control coding, and flow control mechanisms. Introduction to networking simulation, security, wireless and optical networking.""
","""Internet Protocols""","""Principles and issues underlying provision of wide area connectivity through interconnection of autonomous networks. Internet architecture and protocols today and likely evolution in future. Case studies of particular protocols to demonstrate how fundamental principles applied in practice. Selected examples of networked clinet/server applications to motivate the functional requirements of internetworking. Project required.""
","""Computer and Network Security""","""Security policies, models, and mechanisms for secrecy, integrity, and availability. Basic cryptography and its applications; operating system models and mechanisms for mandatory and discretionary controls; introduction to database security; securityin distributed systems; network security (firewalls, IPsec, and SSL); and control and prevention of viruses and other rogue programs.""
","""Introduction to Wireless Networking""","""Introduction to cellular communications, wireless local area networks, ad-hoc and IP infrastructures. Topics include: cellular networks, mobility mannagement, connection admission control algorithms, mobility models, wireless IP networks, ad-hoc routing, sensor networks, quality of service, and wireless security.""
","""Networking Services: QoS, Signaling, Processes""","""Topics related to networking services, signaling for setting up networking services, such as SIP and IMS, networking architectures for providing QoS for networking services, such as MPLS, DiffServ and RAC, signaling protocols for setting up QoS connections in the transport stratum, such as LDP and RSVP-TE, video-based communications, and capacity planning models for dimensioning services.""
","""Switched Network Management""","""Topics related to design and management of campus enterprise networks, including VLAN design; virtualization and automation methodologies for management; laboratory use of open space source and commercial tools for managing such networks.""
","""Introduction to Computer Performance Modeling""","""Workload characterization, collection and analysis of performance data, instrumentation, tuning, analytic models including queuing network models and operational analysis, economic considerations.""
","""Numerical Analysis I""","""Algorithm behavior and applicability. Effect of roundoff errors, systems of linear equations and direct methods, least squares via Givens and Householder transformations, stationary and Krylov iterative methods, the conjugate gradient and GMRES methods, convergence of method.""
","""Computer Models of Interactive Narrative""","""A theoretical and practical study of the computational models supporting the creation of interactive narrative systems. Topics include basic introductions to cognitive, linguistic and film theoretic models of narrative; representations and reasoning techniques from artificial intelligence related to the creation of storylines, dialog, camera control and other features of narrative in text-based and/or 3D virtual worlds; mechanisms for controlling character behavior in multi-agent multi-user stories; and applications of these techniques ranging from interactive entertainment to educational software to training simulations.""
","""Introduction to Parallel Computing""","""Introduction to basic parallel architectures, algorithms and programming paradigms; message passing collectives and communicators; parallel matrix products, domain decomposition with direct and iterative methods for linear systems; analysis of efficiency, complexity and errors; applications such as 2D heat and mass transfer.""
","""Building Game AI""","""In this course we will examine Artificial Intelligence (AI) techniques that are used in the design of computer games. We will look at techniques for game playing as well as the design of AI opponents tasked with creating ""good experiences"" for players. The course will begin with a discussion of general AI, common algorithms, data structures, and representations. From there, we will cover topics in character movement, pathfinding, decision making, strategy, tactics, and learning. In a sequence of programming assignments students will create increasingly sophisticated AI implementations. Students will also critically review the projects conducted by graduate students enrolled in CSC584. CSC majors only. Students cannot get credit for both <a href=""/search/?P=CSC%20484"" title=""CSC&nbsp;484"" class=""bubblelink code"" onclick=""return showCourse(this, 'CSC 484');"">CSC&nbsp;484</a> and <a href=""/search/?P=CSC%20584"" title=""CSC&nbsp;584"" class=""bubblelink code"" onclick=""return showCourse(this, 'CSC 584');"">CSC&nbsp;584</a>.""
","""Special Topics In Computer Science""","""Topics of current interest in computer science not covered in existing courses.""
","""Computer Science Graduate Orientation""","""Introduction for new graduate students to (a) information about graduate program, department, and university resources, and (b) research projects conducted by CSC faculty.""
","""Master's Independent Study""","""Individual investigation of topics under the direction of member(s) of the graduate faculty.""
","""Master's Supervised Teaching""","""Teaching experience under the mentorship of faculty who assist the student in planning for the teaching assignment, observe and provide feedback to the student during the teaching assignment, and evaluate the student upon completion of the assignment.""
","""Non-Thesis Masters Continuous Registration - Half Time Registration""","""For students in non-thesis master's programs who have completed all credit hour requirements for their degree but need to maintain half-time continuous registration to complete incomplete grades, projects, final master's exam, etc.""
","""Non-Thesis Master Continuous Registration - Full Time Registration""","""For students in non-thesis master's programs who have completed all credit hour requirements for their degree but need to maintain full-time continuous registration to complete incomplete grades, projects, final master's exam, etc. Students may register for this course a maximum of one semester.""
","""Master's Examination""","""For students in non thesis master's programs who have completed all other requirements of the degree except preparing for and taking the final master's exam.""
","""Master's Supervised Research""","""Instruction in research and research under the mentorship of a member of the Graduate Faculty.""
","""Master's Thesis Research""","""Thesis research.""
","""Summer Thesis Research""","""For graduate students whose programs of work specify no formal course work during a summer session and who will be devoting full time to thesis research.""
","""Master's Thesis Preparation""","""For students who have completed all credit hour requirements and full-time enrollment for the master's degree and are writing and defending their thesis.""
","""Operating Systems Security""","""Fundamentals and advanced topics in operating system (OS) security. Study OS level mechanisms and policies in investigating and defending against real-world attacks on computer systems, such as self-propagating worms, stealthy rootkits and large-scale botnets. OS security techniques such as authentication, system call monitoring, as well as memory protection. Introduce recent advanced techniques such as system-level randomization and hardware virtualization.""
","""Automata, Languages and Computability Theory""","""Formal models of language and computation; finite automata and regular languages, pushdown automata and context-free languages, Turing machines. Relative power of models, Chomsky hierarchy. Inherent complexity of problems: undecidability, computational complexity, intractable problems.""
","""Software Engineering as a Human Activity""","""This course addresses the human aspect of software engineering, by studying the people who practice it. Students will explore software engineering as traditionally defined, and also consider techniques that transform how we understand software engineering, such as methods from psychology and sociology. Students will study the usability of software engineering tools, the psychology of programming, performance of software developers, experimental methods in observing software engineers, distributed development and coordination, and cultural differences between software developers.""
","""Software Testing and Reliability""","""An advanced introduction to software testing and reliability. The course is a balanced mixture of theory, practice, and application. Methods, techniques, and tools for testing software and producing reliable and secure software are used and analyzed. Software reliability growth models and techniques for improving and predicting software reliability are examined, and their practical use is demonstrated. Good knowledge of C++ or Java. Knowledge of the basics of statistics, calculus, and linear algebra.""
","""Real Time Computer Systems""","""Design and implementation of computer systems required to provide specific response times. Structure of a real-time kernel, fixed and dynamic priority scheduling algorithms, rate monotonic scheduling theory, priority inheritance protocols, real-timebenchmarks, case study of a real-time kernel.""
","""Artificial Intelligence II""","""A second course in artificial intelligence emphasizing advanced concepts of AI including logic programming, automatic programming, natural language understanding, visual perception by machine, learning and inference, intelligent computer-aided instruction, knowledge representation, robotics and other topics to be chosen by instructor. Students asked to write programs in AI programming language such as LISP and PROLOG.""
","""Advanced Topics in Machine Learning""","""A broad range of advanced topics in machine learning, the building of computer-based systems that can adapt to their environment and learn from their own experience. Theory of learnability, technical details of various learning methods, combination of multiple methods, evaluation of methods, and related topics (at the discretion of the instructor).""
","""Advanced Distributed Systems""","""Principles in the design and implementation of modern distributed systems; recent techniques used by real-world distributed systems such as peer-to-peer file sharing, enterprise data center, and internet search engines; state-of-the-art architectures, algorithms, and performance evaluation methodologies in distributed systems.""
","""Database Management Systems""","""Database concepts. Database design. Data models: entity-relationship and relational. Data manipulation languages including SQL. Data Dictionaries. Query processing. Concurrency. Software development environments using a database system. Expert, object-oriented, multimedia and distributed database systems. Database systems architecture. Use of a commercial database management system.""
","""Secure Data Management""","""Advanced topics in secure data management with techniques in traditional database management systems as well as in recent advances in emerging areas. Emphasis on new security issues and challenges imposed by the Internet and the Web on cross-organization data sharing and management. Example topics include XML, data management in P2P, trust management, data authorship, and the integration of security and privacy policies with information systems.""
","""Service-Oriented Computing""","""Concepts, theories, and techniques for computing with services. This course examines architectures for Web applications based on the classical publish, find, and bind triangle, but formulates it at a higher level. It considers sophisticated approaches for the description, discovery, and engagement of services, especially over the Web and the Grid. This course emphasizes service composition. Key topics include semantics, transactions, processes, agents, quality of service, compliance, and trust.""
","""Advanced Topics in Computer Graphics""","""Understanding and discussing current advances and research topics in computer graphics. Possible topics include nonphotorealistic rendering, modeling natural phenomena, illumination and rendering techniques, model simplification, animation, visualization, graphics hardware. Learning to critique research papers from important venues in the computer graphics field. Learning to read, interpret, and present computer graphics research papers in a conference-type environment.""
","""Computer Simulation Techniques""","""Basic discrete event simulation methodology: random number generators, simulation designs, validation, analysis of simulation output. Applications to various areas of scientific modeling. Simulation language such as SLAM and GPSS. Computer assignments and projects.""
","""Code Optimization for Scalar and Parallel Programs""","""Advanced research issues in code optimization for scalar and parallel programs; program analysis, scalar and parallel optimizations as well as various related advanced topics.""
","""Survivable Networks""","""Principles of network and service continuity and related metrics; the theory of network availability, survivability, and restoration; a comprehensive coverage of network architectures, protocols, algorithms, and related technology for survivability; advanced topics in network survivability; hands-on experience in the implementation of protocols and software for survivable systems and the operation of survivable networks.""
","""Advanced Topics in Internet Protocols""","""Cutting-edge concepts and technologies to support internetworking in general and to optimize the performance of the TCP/IP protocol suite in particular. Challenges facing and likely evolution for next generation intenetworking technologies. This course investigates topics that include, but may be not limited to: Internet traffic measurement, characteriztion and modeling, traffic engineering, network-aware applications, quality of service, peer-to-peer systems, content-distribution networks, sensor networks, reliable multicast, and congestion control.""
","""Advanced Network Security""","""A study of network security policies, models, and mechanisms. Topics include: network security models; review of cryptographic techniques; internet key management protocols; electronic payments protocols and systems; intrusion detection and correlation; broadcast authentication; group key management; security in mobile ad-hoc networks; security in sensor networks.""
","""Advanced Topics in Wireless Networking""","""Reviews the current state of research in wireless networks, network architectures, and applications of wireless technologies; students will design, organize, and implement or simulate systems in a full-semester research project. For students with background in networking and communications who wish to explore research and development topics.""
","""Design and Performance Evaluation of Network Systems and Services""","""Introduction to the design and performance evaluation of network services. Topics include top-down network design based on requirements, end-to-end services and network system architecture, service level agreements, quantitative performance evaluation techniques. Provides quantitative skills on network service traffic and workload modeling, as well as, service applications such as triple play, internet (IPTV), Peer-to-peer (P2P), voice over IP (VoIP), storage, network management, and access services.""
","""Telecommunications Network Design""","""Analytic modeling and topological design of telecommunications networks, including centralized polling networks, packet switched networks, T1 networks, concentrator location problems, routing strategies, teletraffic engineering and network reliability.""
","""Numerical Analysis II""","""Approximation and interpolation, Fast Fourier Transform, numerical differentiation and integration, numerical solution of initial value problems for ordinary differential equations.""
","""Advanced Topics In Computer Science""","""Advanced topics of current interest in computer science not covered by existing courses.""
","""Seminar in Computer Science""","""Faculty and graduate student research presentations and discussions centered around current research problems in Computer Science and advanced theories in these areas. Students are expected to make presentations of published works and, depending onthe course credit received and their academic degree progress, present their own research results. Critical discussions of the various research approaches and results and their relationships based on the presentations and additional readings and research. Departmental Approval Required.""
","""Doctoral Independent Study""","""Individual investigation of advanced topics under the direction of member(s) of the graduate faculty.""
","""Doctoral Supervised Teaching""","""Teaching experience under the mentorship of faculty who assist the student in planning for the teaching assignment, observe and provide feedback to the student during the teaching assignment, and evaluate the student upon completion of the assignment.""
","""Doctoral Preliminary Exam""","""For students who are preparing for and taking written and/or oral preliminary exams.""
","""Doctoral Supervised Research""","""Instruction in research and research under the mentorship of a member of the Graduate Faculty.""
","""Doctoral Dissertation Research""","""Dissertation research.""
","""Summer Dissertation Research""","""For graduate students whose programs of work specify no formal course work during a summer session and who will be devoting full time to thesis research.""
","""Doctoral Dissertation Preparation""","""For students who have completed all credit hour, full-time enrollment, preliminary examination, and residency requirements for the doctoral degree, and are writing and defending their dissertations.""
"
